<code_scheme name="Default (3)" version="173">
  <option name="CLASS_COUNT_TO_USE_IMPORT_ON_DEMAND" value="1000" />
  <option name="NAMES_COUNT_TO_USE_IMPORT_ON_DEMAND" value="300" />
  <option name="IMPORT_LAYOUT_TABLE">
    <value>
      <package name="" withSubpackages="true" static="true" />
      <emptyLine />
      <package name="" withSubpackages="true" static="false" />
      <emptyLine />
      <package name="javax" withSubpackages="true" static="false" />
      <package name="java" withSubpackages="true" static="false" />
      <emptyLine />
    </value>
  </option>
  <JavaCodeStyleSettings>
    <option name="CLASS_COUNT_TO_USE_IMPORT_ON_DEMAND" value="1000" />
    <option name="NAMES_COUNT_TO_USE_IMPORT_ON_DEMAND" value="300" />
    <option name="IMPORT_LAYOUT_TABLE">
      <value>
        <package name="" withSubpackages="true" static="true" />
        <emptyLine />
        <package name="" withSubpackages="true" static="false" />
        <emptyLine />
        <package name="javax" withSubpackages="true" static="false" />
        <package name="java" withSubpackages="true" static="false" />
        <emptyLine />
      </value>
    </option>
  </JavaCodeStyleSettings>
</code_scheme>