<application>
  <component name="CommunityFileTypes" version="11">
    <ignoreFiles list="CVS;SCCS;RCS;rcs;.DS_Store;.svn;.pyc;.pyo;*.pyc;*.pyo;.git;*.hprof;_svn;.hg;*.lib;*~;__pycache__;.bundle;*.rbc;" />
    <extensionMap>
      <mapping ext="jspx" type="XML" />
      <mapping ext="tagx" type="XML" />
    </extensionMap>
  </component>
  <component name="FileTypeManager" version="18">
    <ignoreFiles list="*$py.class;*.pyc;*.pyo;*.rbc;*~;.DS_Store;.git;.hg;.svn;CVS;RCS;SCCS;__pycache__;_svn;rcs" />
    <extensionMap>
      <mapping pattern="ldps_user_data" type="AUTO_DETECTED" />
      <mapping pattern="IhmStorePlanSchedulingServiceClientBuilder" type="CLASS" />
      <mapping pattern="notes" type="PLAIN_TEXT" />
      <mapping pattern="ihmConfirmationModal_test" type="PLAIN_TEXT" />
      <mapping pattern="generate_turtle_config" type="PLAIN_TEXT" />
      <mapping pattern="gemfile.lock" type="PLAIN_TEXT" />
      <mapping pattern="scratch" type="PLAIN_TEXT" />
      <mapping pattern="foo" type="PLAIN_TEXT" />
      <mapping pattern="ruby-build" type="PLAIN_TEXT" />
      <mapping ext="mockmaker" type="PLAIN_TEXT" />
      <mapping ext="rdb" type="PLAIN_TEXT" />
      <mapping ext="sh " type="PLAIN_TEXT" />
      <mapping pattern="claire_addPrinter" type="Python" />
      <mapping pattern="old_script" type="Python" />
      <mapping pattern="frink_del_rel" type="Python" />
      <mapping ext="fo" type="XML" />
      <mapping ext="jinja" type="YAML" />
      <removed_mapping ext="apk" approved="true" type="ARCHIVE" />
      <removed_mapping ext="psd" approved="true" type="Image" />
    </extensionMap>
  </component>
</application>