<application>
  <component name="LineMarkerSettings">
    <option name="providers">
      <map>
        <entry key="SpringAopAnnotator" value="true" />
        <entry key="SpringAutowiredAnnotator" value="true" />
        <entry key="SpringBeanAnnotator" value="true" />
        <entry key="SpringCacheableAnnotator" value="true" />
        <entry key="SpringClassFilesetLineMarkerProvider" value="true" />
        <entry key="SpringComponentScanAnnotator" value="true" />
        <entry key="SpringDomAnnotator" value="true" />
        <entry key="SpringEventListenerAnnotator" value="true" />
        <entry key="SpringMvcRequestMappingRelatedItemLineMarkerProvider" value="true" />
        <entry key="SpringPropertiesAnnotator" value="true" />
        <entry key="SpringSpiRegistrationAnnotator" value="true" />
        <entry key="SpringTestConfigurationAnnotator" value="true" />
        <entry key="com.intellij.aop.jam.AopJavaAnnotator" value="true" />
        <entry key="com.intellij.codeInsight.ExternalAnnotationsLineMarkerProvider" value="true" />
        <entry key="com.intellij.codeInsight.daemon.impl.IconLineMarkerProvider" value="true" />
        <entry key="com.intellij.codeInsight.daemon.impl.RecursiveCallLineMarkerProvider" value="true" />
        <entry key="com.intellij.execution.lineMarker.RunLineMarkerProvider" value="true" />
        <entry key="com.intellij.lang.javascript.highlighting.JSRecursiveCallLineMarkerProvider" value="true" />
        <entry key="com.intellij.sql.editor.SqlLineMarkerProvider" value="true" />
        <entry key="com.intellij.ui.ColorLineMarkerProvider" value="true" />
        <entry key="java.implemented" value="true" />
        <entry key="java.implementing" value="true" />
        <entry key="java.lambda" value="true" />
        <entry key="java.overridden" value="true" />
        <entry key="java.overriding" value="true" />
        <entry key="java.service" value="true" />
        <entry key="java.sibling.inherited" value="true" />
        <entry key="js.implemented" value="true" />
        <entry key="js.implementing" value="true" />
        <entry key="js.overridden" value="true" />
        <entry key="js.overriding" value="true" />
        <entry key="org.jetbrains.plugins.ruby.rails.codeInsight.actionCable.ActionCableClientLineMarkerProvider" value="true" />
        <entry key="org.jetbrains.plugins.ruby.rails.codeInsight.actionCable.ActionCableLineMarkerProvider" value="true" />
        <entry key="org.jetbrains.plugins.ruby.rails.codeInsight.daemon.RailsRubyLineMarkerProvider" value="true" />
        <entry key="org.jetbrains.plugins.ruby.rails.codeInsight.daemon.RailsViewLineMarkerProvider" value="true" />
      </map>
    </option>
  </component>
</application>