<application>
  <component name="MaterialThemeConfig">
    <option name="accentMode" value="true" />
    <option name="isWizardShown" value="true" />
    <option name="overrideAccentColor" value="false" />
    <option name="treeFontSizeEnabled" value="true" />
    <option name="tabFontSizeEnabled" value="true" />
    <option name="indicatorStyle" value="None" />
    <option name="accentColor" value="b99ede" />
    <option name="selectedTheme" value="ONE_LIGHT" />
    <option name="userId" value="36e0abb7:1838b84f092:-8000" />
    <option name="version" value="7.14.2" />
    <option name="tabHighlightPosition" value="Bottom" />
  </component>
</application>