<application>
  <component name="NotificationConfiguration">
    <notification groupId="Black Caiman is disabled" displayType="NONE" />
    <notification groupId="Database" displayType="TOOL_WINDOW" />
    <notification groupId="Database log" displayType="NONE" />
    <notification groupId="Docker: Dockerfile detection" displayType="NONE" shouldLog="false" />
    <notification groupId="File Watcher Messages" displayType="NONE" />
    <notification groupId="Framework Detection" shouldLog="false" />
    <notification groupId="Git Important Messages" displayType="STICKY_BALLOON" />
    <notification groupId="Git Messages" displayType="TOOL_WINDOW" />
    <notification groupId="IDE Usage Statistics" displayType="STICKY_BALLOON" shouldLog="false" />
    <notification groupId="ideavim-sticky" displayType="STICKY_BALLOON" />
    <notification groupId="izhangzhihao.rainbow.brackets_UPDATE" displayType="NONE" />
    <notification groupId="JavaScript Library Management" displayType="STICKY_BALLOON" />
    <notification groupId="Maven Import" displayType="STICKY_BALLOON" />
    <notification groupId="Update Checker" displayType="STICKY_BALLOON" />
  </component>
</application>