<application>
  <component name="UISettings">
    <option name="EDITOR_TAB_LIMIT" value="15" />
    <option name="HIDE_TOOL_STRIPES" value="true" />
    <option name="MARK_MODIFIED_TABS_WITH_ASTERISK" value="true" />
    <option name="PRESENTATION_MODE_FONT_SIZE" value="18" />
    <option name="SHOW_CLOSE_BUTTON" value="false" />
    <option name="SHOW_NAVIGATION_BAR_MEMBERS" value="false" />
    <option name="SHOW_NAVIGATION_BAR" value="false" />
    <option name="SHOW_STATUS_BAR" value="false" />
  </component>
</application>